id,width,height,area,perimeter,xmin,ymin,xmax,ymax
1,0.007499,0.009642,0.000072,0.034282,-87.823,16.165,-87.816,16.175
2,0.010445,0.009106,0.000095,0.039103,-87.751,16.071,-87.741,16.080
3,0.017499,0.023863,0.000418,0.082725,-86.655,16.475,-86.638,16.499
4,0.016969,0.018030,0.000306,0.069998,-87.047,16.789,-87.031,16.807
5,0.013257,0.019090,0.000253,0.064695,-87.194,16.540,-87.181,16.559
6,0.016243,0.016243,0.000264,0.064972,-87.618,16.671,-87.601,16.687
7,0.014213,0.016920,0.000240,0.062265,-87.699,16.665,-87.685,16.682
9,0.022334,0.025718,0.000574,0.096105,-86.304,17.388,-86.282,17.414
11,0.011363,0.008096,0.000092,0.038918,-88.138,17.433,-88.126,17.441
